sentence_id,sentence,word_positions,occurrences_required
1,Can you help me?,4,20
2,I would like some help.,5,25
3,Can you come here?,4,20
4,Can you come back?,4,20
5,Can you be here with me?,6,30
6,Can you give me more time?,6,30
7,I would like to be on my own.,8,40
8,Do not go away.,4,20
9,Can you come back in a little while?,8,40
10,Can you ask for help?,5,25
11,I would like some water.,5,25
12,Can you give me some water?,6,30
13,I would like more water.,5,25
14,That is enough water.,4,20
15,Can you put the water here?,6,30
16,Can you help me with the water?,7,35
17,Can you take the water away?,6,30
18,I would like a little more.,6,30
19,That is too much.,4,20
20,No more for now.,4,20
21,Can you help me up?,5,25
22,Can you help me down?,5,25
23,Can you put my head up?,6,30
24,Can you put my head down?,6,30
25,Can you put my hand here?,6,30
26,Can you put my hand there?,6,30
27,Can you take my hand?,5,25
28,Can you put this under my head?,7,35
29,Can you put this under my back?,7,35
30,Can you help me get on my side?,8,40
31,I would like to be on my left side.,9,45
32,I would like to be on my right side.,9,45
33,I would like to be on my back.,8,40
34,Can you help me with my head?,7,35
35,Can you help me with my back?,7,35
36,Can you help me with my left hand?,8,40
37,Can you help me with my right hand?,8,40
38,Do not put that on my head.,7,35
39,Do not put that on my back.,7,35
40,That is not the right place.,6,30
41,Can you wash my face?,5,25
42,Can you wash my hands?,5,25
43,Can you wash my head?,5,25
44,Can you wash my back?,5,25
45,Can you wash my left hand?,6,30
46,Can you wash my right hand?,6,30
47,Can you wash here?,4,20
48,Can you wash there?,4,20
49,Can you help me wash?,5,25
50,Do not get water in my eyes.,7,35
51,Can you open the door?,5,25
52,Can you open the window?,5,25
53,Can you put the light on?,6,30
54,Can you take this away?,5,25
55,Can you put that over me?,6,30
56,Can you put this by my hand?,7,35
57,Can you put this on the other side?,8,40
58,Can you put that down?,5,25
59,Can you put that here?,5,25
60,Can you put that back?,5,25
61,Can you tell me your name?,6,30
62,Can you tell me what that is?,7,35
63,Can you tell me what this is for?,8,40
64,Can you say that again?,5,25
65,Can you tell me more?,5,25
66,Can you give me some paper?,6,30
67,Can you look at this paper?,6,30
68,I don't see that.,4,20
69,I don't see your face.,5,25
70,Can you ask me one thing at a time?,9,45
71,Can you give me a little time?,7,35
72,I have something to say.,5,25
73,That is not what I said.,6,30
74,"Yes, that is right.",4,20
75,"No, that is not right.",5,25
76,I do not know.,4,20
77,I would like to know why.,6,30
78,Can you tell me when?,5,25
79,Can you tell me how?,5,25
80,I would like to ask something.,6,30
81,I would like to see my friend.,7,35
82,Can you tell my friend to come here?,8,40
83,Can you ask my friend to come back?,8,40
84,Can you tell him I am here?,7,35
85,Can you tell her I am here?,7,35
86,I would like to see him.,6,30
87,I would like to see her.,6,30
88,Can you ask them to come in?,7,35
89,Can you ask them to come back?,7,35
90,I would like more time with them.,7,35
91,Can you help me now?,5,25
92,That is too much light.,5,25
93,There is something in my eyes.,6,30
94,There is something on my face.,6,30
95,Can you look at my hand?,6,30
96,Can you look at my head?,6,30
97,Can you look at my back?,6,30
98,Can you look at my eyes?,6,30
99,Can you tell me the time?,6,30
100,Can you come back before night?,6,30
101,I would like some water now.,6,30
102,Give me a little water now.,6,30
103,I would like water before you go.,7,35
104,Take the water away now.,5,25
105,I have enough water for now.,6,30
106,I would like the water by my hand.,8,40
107,Do not give me more water.,6,30
108,Give me some more time with the water.,8,40
109,There is water on my face.,6,30
110,There is water in my eyes.,6,30
111,I would like to wash my face.,7,35
112,I would like to wash my hands.,7,35
113,Wash my face with a little water.,7,35
114,Do not wash my eyes.,5,25
115,Wash my hands again.,4,20
116,I would like to wash before night.,7,35
117,Wash the other hand too.,5,25
118,There is something under my back.,6,30
119,There is something under my head.,6,30
120,I would like my head a little more up.,9,45
121,I would like my head a little more down.,9,45
122,My hand is not in the right place.,8,40
123,Take this away now.,4,20
124,I would like to be on the other side.,9,45
125,Do not take my hand away.,6,30
126,Put this under my hand.,5,25
127,Put that by my side.,5,25
128,Put the water on the other side.,7,35
129,Put this paper by my hand.,6,30
130,I would like my back down a little.,8,40
131,The light is in my eyes.,6,30
132,I would like a little more light.,7,35
133,I would like the light on now.,7,35
134,Do not have the light on at night.,8,40
135,The window is open.,4,20
136,I would like the window open for a little while.,10,50
137,Do not open the window now.,6,30
138,I would like the door open.,6,30
139,Do not open the door now.,6,30
140,Do not have this by my eyes.,7,35
141,Come here for a little while.,6,30
142,Be here while I have some water.,7,35
143,I would like you here with me.,7,35
144,Do not go while I have something to say.,9,45
145,Come back at night.,4,20
146,Come back in a little while.,6,30
147,I would like a little time on my own.,9,45
148,I would like my friend here with me.,8,40
149,Ask my friend to come in.,6,30
150,Ask my friend to come back at night.,8,40
151,Tell her to come back in a little while.,9,45
152,Tell him to come back before night.,7,35
153,I would like to see them now.,7,35
154,I would like to have more time with her.,9,45
155,I would like to have more time with him.,9,45
156,Ask them to be here with me.,7,35
157,I do not know your name.,6,30
158,Tell me your name again.,5,25
159,Tell me why you have come back.,7,35
160,I would like to know what this is.,8,40
161,I would like to know what that is for.,9,45
162,I do not know why you said that.,8,40
163,Say that one more time.,5,25
164,Say one thing at a time.,6,30
165,Give me time to say what I would like.,9,45
166,I have more to say.,5,25
167,That is what I would like.,6,30
168,That is not what I would like.,7,35
169,I said no.,3,15
170,I said yes.,3,15
171,I would like to ask you something.,7,35
172,Ask me again in a little while.,7,35
173,Do not ask me now.,5,25
174,I do not know how to say this.,8,40
175,I would like some paper now.,6,30
176,Give me the paper again.,5,25
177,Look at what is on the paper.,7,35
178,I don't see the paper.,5,25
179,I would like the paper here.,6,30
180,There is something I would like you to see.,9,45
181,Look at my face when I say this.,8,40
182,I don't see what is in your hand.,8,40
183,I would like to see your face.,7,35
184,I don't know what to do.,6,30
185,Tell me what you would like me to do.,9,45
186,Tell me before you wash my face.,7,35
187,Tell me before you take this away.,7,35
188,I would like to know when you would be back.,10,50
189,How much time do I have?,6,30
190,What is this water for?,5,25
191,Is that my name on the paper?,7,35
192,Is my friend here now?,5,25
193,Do you know when my friend would be here?,9,45
194,Do you know when I would see him again?,9,45
195,I would like you to look at my eyes.,9,45
196,I would like you to look at my back.,9,45
197,Do not give me that now.,6,30
198,That is enough for now.,5,25
199,I would like more time before you go.,8,40
200,I would like to know why you said no.,9,45
