subject,session,task,partition,neural,events,available_word_events
0,1,MOCHATIMIT,train_candidate,MOCHATIMIT/derivatives/serialised/sub-0_ses-1_task-MOCHATIMIT_run-1_proc-bads+headpos+sss+notch+bp+ds_meg.h5,MOCHATIMIT/derivatives/events/sub-0_ses-1_task-MOCHATIMIT_run-1_events.tsv,1713
0,2,MOCHATIMIT,train_candidate,MOCHATIMIT/derivatives/serialised/sub-0_ses-2_task-MOCHATIMIT_run-1_proc-bads+headpos+sss+notch+bp+ds_meg.h5,MOCHATIMIT/derivatives/events/sub-0_ses-2_task-MOCHATIMIT_run-1_events.tsv,1748
0,3,MOCHATIMIT,train_candidate,MOCHATIMIT/derivatives/serialised/sub-0_ses-3_task-MOCHATIMIT_run-1_proc-bads+headpos+sss+notch+bp+ds_meg.h5,MOCHATIMIT/derivatives/events/sub-0_ses-3_task-MOCHATIMIT_run-1_events.tsv,1748
0,4,MOCHATIMIT,train_candidate,MOCHATIMIT/derivatives/serialised/sub-0_ses-4_task-MOCHATIMIT_run-1_proc-bads+headpos+sss+notch+bp+ds_meg.h5,MOCHATIMIT/derivatives/events/sub-0_ses-4_task-MOCHATIMIT_run-1_events.tsv,1713
0,10,Sherlock1,train_candidate,Sherlock1/derivatives/serialised/sub-0_ses-10_task-Sherlock1_run-1_proc-bads+headpos+sss+notch+bp+ds_meg.h5,Sherlock1/derivatives/events/sub-0_ses-10_task-Sherlock1_run-1_events.tsv,1868
0,11,Sherlock1,train_candidate,Sherlock1/derivatives/serialised/sub-0_ses-11_task-Sherlock1_run-2_proc-bads+headpos+sss+notch+bp+ds_meg.h5,Sherlock1/derivatives/events/sub-0_ses-11_task-Sherlock1_run-2_events.tsv,3427
0,12,Sherlock1,train_candidate,Sherlock1/derivatives/serialised/sub-0_ses-12_task-Sherlock1_run-2_proc-bads+headpos+sss+notch+bp+ds_meg.h5,Sherlock1/derivatives/events/sub-0_ses-12_task-Sherlock1_run-2_events.tsv,3576
0,1,Sherlock1,train_candidate,Sherlock1/derivatives/serialised/sub-0_ses-1_task-Sherlock1_run-1_proc-bads+headpos+sss+notch+bp+ds_meg.h5,Sherlock1/derivatives/events/sub-0_ses-1_task-Sherlock1_run-1_events.tsv,2836
0,2,Sherlock1,train_candidate,Sherlock1/derivatives/serialised/sub-0_ses-2_task-Sherlock1_run-1_proc-bads+headpos+sss+notch+bp+ds_meg.h5,Sherlock1/derivatives/events/sub-0_ses-2_task-Sherlock1_run-1_events.tsv,3597
0,3,Sherlock1,train_candidate,Sherlock1/derivatives/serialised/sub-0_ses-3_task-Sherlock1_run-1_proc-bads+headpos+sss+notch+bp+ds_meg.h5,Sherlock1/derivatives/events/sub-0_ses-3_task-Sherlock1_run-1_events.tsv,3889
0,4,Sherlock1,train_candidate,Sherlock1/derivatives/serialised/sub-0_ses-4_task-Sherlock1_run-1_proc-bads+headpos+sss+notch+bp+ds_meg.h5,Sherlock1/derivatives/events/sub-0_ses-4_task-Sherlock1_run-1_events.tsv,2605
0,5,Sherlock1,train_candidate,Sherlock1/derivatives/serialised/sub-0_ses-5_task-Sherlock1_run-1_proc-bads+headpos+sss+notch+bp+ds_meg.h5,Sherlock1/derivatives/events/sub-0_ses-5_task-Sherlock1_run-1_events.tsv,2562
0,6,Sherlock1,train_candidate,Sherlock1/derivatives/serialised/sub-0_ses-6_task-Sherlock1_run-1_proc-bads+headpos+sss+notch+bp+ds_meg.h5,Sherlock1/derivatives/events/sub-0_ses-6_task-Sherlock1_run-1_events.tsv,3234
0,7,Sherlock1,test,Sherlock1/derivatives/serialised/sub-0_ses-7_task-Sherlock1_run-1_proc-bads+headpos+sss+notch+bp+ds_meg.h5,Sherlock1/derivatives/events/sub-0_ses-7_task-Sherlock1_run-1_events.tsv,3364
0,8,Sherlock1,train_candidate,Sherlock1/derivatives/serialised/sub-0_ses-8_task-Sherlock1_run-1_proc-bads+headpos+sss+notch+bp+ds_meg.h5,Sherlock1/derivatives/events/sub-0_ses-8_task-Sherlock1_run-1_events.tsv,3675
0,9,Sherlock1,train_candidate,Sherlock1/derivatives/serialised/sub-0_ses-9_task-Sherlock1_run-1_proc-bads+headpos+sss+notch+bp+ds_meg.h5,Sherlock1/derivatives/events/sub-0_ses-9_task-Sherlock1_run-1_events.tsv,2628
0,10,Sherlock2,train_candidate,Sherlock2/derivatives/serialised/sub-0_ses-10_task-Sherlock2_run-1_proc-bads+headpos+sss+notch+bp+ds_meg.h5,Sherlock2/derivatives/events/sub-0_ses-10_task-Sherlock2_run-1_events.tsv,3393
0,11,Sherlock2,train_candidate,Sherlock2/derivatives/serialised/sub-0_ses-11_task-Sherlock2_run-1_proc-bads+headpos+sss+notch+bp+ds_meg.h5,Sherlock2/derivatives/events/sub-0_ses-11_task-Sherlock2_run-1_events.tsv,2230
0,12,Sherlock2,train_candidate,Sherlock2/derivatives/serialised/sub-0_ses-12_task-Sherlock2_run-1_proc-bads+headpos+sss+notch+bp+ds_meg.h5,Sherlock2/derivatives/events/sub-0_ses-12_task-Sherlock2_run-1_events.tsv,10431
0,1,Sherlock2,train_candidate,Sherlock2/derivatives/serialised/sub-0_ses-1_task-Sherlock2_run-1_proc-bads+headpos+sss+notch+bp+ds_meg.h5,Sherlock2/derivatives/events/sub-0_ses-1_task-Sherlock2_run-1_events.tsv,3000
0,2,Sherlock2,train_candidate,Sherlock2/derivatives/serialised/sub-0_ses-2_task-Sherlock2_run-1_proc-bads+headpos+sss+notch+bp+ds_meg.h5,Sherlock2/derivatives/events/sub-0_ses-2_task-Sherlock2_run-1_events.tsv,1890
0,3,Sherlock2,train_candidate,Sherlock2/derivatives/serialised/sub-0_ses-3_task-Sherlock2_run-1_proc-bads+headpos+sss+notch+bp+ds_meg.h5,Sherlock2/derivatives/events/sub-0_ses-3_task-Sherlock2_run-1_events.tsv,1782
0,4,Sherlock2,train_candidate,Sherlock2/derivatives/serialised/sub-0_ses-4_task-Sherlock2_run-1_proc-bads+headpos+sss+notch+bp+ds_meg.h5,Sherlock2/derivatives/events/sub-0_ses-4_task-Sherlock2_run-1_events.tsv,3888
0,5,Sherlock2,train_candidate,Sherlock2/derivatives/serialised/sub-0_ses-5_task-Sherlock2_run-1_proc-bads+headpos+sss+notch+bp+ds_meg.h5,Sherlock2/derivatives/events/sub-0_ses-5_task-Sherlock2_run-1_events.tsv,2662
0,6,Sherlock2,train_candidate,Sherlock2/derivatives/serialised/sub-0_ses-6_task-Sherlock2_run-1_proc-bads+headpos+sss+notch+bp+ds_meg.h5,Sherlock2/derivatives/events/sub-0_ses-6_task-Sherlock2_run-1_events.tsv,3179
0,7,Sherlock2,test,Sherlock2/derivatives/serialised/sub-0_ses-7_task-Sherlock2_run-1_proc-bads+headpos+sss+notch+bp+ds_meg.h5,Sherlock2/derivatives/events/sub-0_ses-7_task-Sherlock2_run-1_events.tsv,4243
0,8,Sherlock2,train_candidate,Sherlock2/derivatives/serialised/sub-0_ses-8_task-Sherlock2_run-1_proc-bads+headpos+sss+notch+bp+ds_meg.h5,Sherlock2/derivatives/events/sub-0_ses-8_task-Sherlock2_run-1_events.tsv,3394
0,9,Sherlock2,train_candidate,Sherlock2/derivatives/serialised/sub-0_ses-9_task-Sherlock2_run-1_proc-bads+headpos+sss+notch+bp+ds_meg.h5,Sherlock2/derivatives/events/sub-0_ses-9_task-Sherlock2_run-1_events.tsv,3671
0,10,Sherlock3,train_candidate,Sherlock3/derivatives/serialised/sub-0_ses-10_task-Sherlock3_run-1_proc-bads+headpos+sss+notch+bp+ds_meg.h5,Sherlock3/derivatives/events/sub-0_ses-10_task-Sherlock3_run-1_events.tsv,8210
0,11,Sherlock3,train_candidate,Sherlock3/derivatives/serialised/sub-0_ses-11_task-Sherlock3_run-1_proc-bads+headpos+sss+notch+bp+ds_meg.h5,Sherlock3/derivatives/events/sub-0_ses-11_task-Sherlock3_run-1_events.tsv,9777
0,12,Sherlock3,train_candidate,Sherlock3/derivatives/serialised/sub-0_ses-12_task-Sherlock3_run-1_proc-bads+headpos+sss+notch+bp+ds_meg.h5,Sherlock3/derivatives/events/sub-0_ses-12_task-Sherlock3_run-1_events.tsv,10061
0,1,Sherlock3,train_candidate,Sherlock3/derivatives/serialised/sub-0_ses-1_task-Sherlock3_run-1_proc-bads+headpos+sss+notch+bp+ds_meg.h5,Sherlock3/derivatives/events/sub-0_ses-1_task-Sherlock3_run-1_events.tsv,8661
0,2,Sherlock3,train_candidate,Sherlock3/derivatives/serialised/sub-0_ses-2_task-Sherlock3_run-1_proc-bads+headpos+sss+notch+bp+ds_meg.h5,Sherlock3/derivatives/events/sub-0_ses-2_task-Sherlock3_run-1_events.tsv,9196
0,3,Sherlock3,train_candidate,Sherlock3/derivatives/serialised/sub-0_ses-3_task-Sherlock3_run-1_proc-bads+headpos+sss+notch+bp+ds_meg.h5,Sherlock3/derivatives/events/sub-0_ses-3_task-Sherlock3_run-1_events.tsv,7047
0,4,Sherlock3,train_candidate,Sherlock3/derivatives/serialised/sub-0_ses-4_task-Sherlock3_run-1_proc-bads+headpos+sss+notch+bp+ds_meg.h5,Sherlock3/derivatives/events/sub-0_ses-4_task-Sherlock3_run-1_events.tsv,9698
0,5,Sherlock3,train_candidate,Sherlock3/derivatives/serialised/sub-0_ses-5_task-Sherlock3_run-1_proc-bads+headpos+sss+notch+bp+ds_meg.h5,Sherlock3/derivatives/events/sub-0_ses-5_task-Sherlock3_run-1_events.tsv,7407
0,6,Sherlock3,train_candidate,Sherlock3/derivatives/serialised/sub-0_ses-6_task-Sherlock3_run-1_proc-bads+headpos+sss+notch+bp+ds_meg.h5,Sherlock3/derivatives/events/sub-0_ses-6_task-Sherlock3_run-1_events.tsv,9331
0,7,Sherlock3,test,Sherlock3/derivatives/serialised/sub-0_ses-7_task-Sherlock3_run-1_proc-bads+headpos+sss+notch+bp+ds_meg.h5,Sherlock3/derivatives/events/sub-0_ses-7_task-Sherlock3_run-1_events.tsv,7928
0,8,Sherlock3,train_candidate,Sherlock3/derivatives/serialised/sub-0_ses-8_task-Sherlock3_run-1_proc-bads+headpos+sss+notch+bp+ds_meg.h5,Sherlock3/derivatives/events/sub-0_ses-8_task-Sherlock3_run-1_events.tsv,9919
0,9,Sherlock3,train_candidate,Sherlock3/derivatives/serialised/sub-0_ses-9_task-Sherlock3_run-1_proc-bads+headpos+sss+notch+bp+ds_meg.h5,Sherlock3/derivatives/events/sub-0_ses-9_task-Sherlock3_run-1_events.tsv,8375
0,10,Sherlock4,train_candidate,Sherlock4/derivatives/serialised/sub-0_ses-10_task-Sherlock4_run-1_proc-bads+headpos+sss+notch+bp+ds_meg.h5,Sherlock4/derivatives/events/sub-0_ses-10_task-Sherlock4_run-1_events.tsv,6383
0,11,Sherlock4,train_candidate,Sherlock4/derivatives/serialised/sub-0_ses-11_task-Sherlock4_run-1_proc-bads+headpos+sss+notch+bp+ds_meg.h5,Sherlock4/derivatives/events/sub-0_ses-11_task-Sherlock4_run-1_events.tsv,6336
0,12,Sherlock4,train_candidate,Sherlock4/derivatives/serialised/sub-0_ses-12_task-Sherlock4_run-1_proc-bads+headpos+sss+notch+bp+ds_meg.h5,Sherlock4/derivatives/events/sub-0_ses-12_task-Sherlock4_run-1_events.tsv,7283
0,1,Sherlock4,train_candidate,Sherlock4/derivatives/serialised/sub-0_ses-1_task-Sherlock4_run-1_proc-bads+headpos+sss+notch+bp+ds_meg.h5,Sherlock4/derivatives/events/sub-0_ses-1_task-Sherlock4_run-1_events.tsv,9716
0,2,Sherlock4,train_candidate,Sherlock4/derivatives/serialised/sub-0_ses-2_task-Sherlock4_run-1_proc-bads+headpos+sss+notch+bp+ds_meg.h5,Sherlock4/derivatives/events/sub-0_ses-2_task-Sherlock4_run-1_events.tsv,7564
0,3,Sherlock4,train_candidate,Sherlock4/derivatives/serialised/sub-0_ses-3_task-Sherlock4_run-1_proc-bads+headpos+sss+notch+bp+ds_meg.h5,Sherlock4/derivatives/events/sub-0_ses-3_task-Sherlock4_run-1_events.tsv,6863
0,4,Sherlock4,train_candidate,Sherlock4/derivatives/serialised/sub-0_ses-4_task-Sherlock4_run-1_proc-bads+headpos+sss+notch+bp+ds_meg.h5,Sherlock4/derivatives/events/sub-0_ses-4_task-Sherlock4_run-1_events.tsv,7942
0,5,Sherlock4,train_candidate,Sherlock4/derivatives/serialised/sub-0_ses-5_task-Sherlock4_run-1_proc-bads+headpos+sss+notch+bp+ds_meg.h5,Sherlock4/derivatives/events/sub-0_ses-5_task-Sherlock4_run-1_events.tsv,7653
0,6,Sherlock4,train_candidate,Sherlock4/derivatives/serialised/sub-0_ses-6_task-Sherlock4_run-1_proc-bads+headpos+sss+notch+bp+ds_meg.h5,Sherlock4/derivatives/events/sub-0_ses-6_task-Sherlock4_run-1_events.tsv,7241
0,7,Sherlock4,test,Sherlock4/derivatives/serialised/sub-0_ses-7_task-Sherlock4_run-1_proc-bads+headpos+sss+notch+bp+ds_meg.h5,Sherlock4/derivatives/events/sub-0_ses-7_task-Sherlock4_run-1_events.tsv,7197
0,8,Sherlock4,train_candidate,Sherlock4/derivatives/serialised/sub-0_ses-8_task-Sherlock4_run-1_proc-bads+headpos+sss+notch+bp+ds_meg.h5,Sherlock4/derivatives/events/sub-0_ses-8_task-Sherlock4_run-1_events.tsv,5686
0,9,Sherlock4,train_candidate,Sherlock4/derivatives/serialised/sub-0_ses-9_task-Sherlock4_run-1_proc-bads+headpos+sss+notch+bp+ds_meg.h5,Sherlock4/derivatives/events/sub-0_ses-9_task-Sherlock4_run-1_events.tsv,7086
0,10,Sherlock5,train_candidate,Sherlock5/derivatives/serialised/sub-0_ses-10_task-Sherlock5_run-1_proc-bads+headpos+sss+notch+bp+ds_meg.h5,Sherlock5/derivatives/events/sub-0_ses-10_task-Sherlock5_run-1_events.tsv,3708
0,11,Sherlock5,train_candidate,Sherlock5/derivatives/serialised/sub-0_ses-11_task-Sherlock5_run-1_proc-bads+headpos+sss+notch+bp+ds_meg.h5,Sherlock5/derivatives/events/sub-0_ses-11_task-Sherlock5_run-1_events.tsv,4617
0,12,Sherlock5,train_candidate,Sherlock5/derivatives/serialised/sub-0_ses-12_task-Sherlock5_run-1_proc-bads+headpos+sss+notch+bp+ds_meg.h5,Sherlock5/derivatives/events/sub-0_ses-12_task-Sherlock5_run-1_events.tsv,4226
0,13,Sherlock5,test,Sherlock5/derivatives/serialised/sub-0_ses-13_task-Sherlock5_run-1_proc-bads+headpos+sss+notch+bp+ds_meg.h5,Sherlock5/derivatives/events/sub-0_ses-13_task-Sherlock5_run-1_events.tsv,4148
0,14,Sherlock5,test,Sherlock5/derivatives/serialised/sub-0_ses-14_task-Sherlock5_run-1_proc-bads+headpos+sss+notch+bp+ds_meg.h5,Sherlock5/derivatives/events/sub-0_ses-14_task-Sherlock5_run-1_events.tsv,4216
0,15,Sherlock5,test,Sherlock5/derivatives/serialised/sub-0_ses-15_task-Sherlock5_run-1_proc-bads+headpos+sss+notch+bp+ds_meg.h5,Sherlock5/derivatives/events/sub-0_ses-15_task-Sherlock5_run-1_events.tsv,4162
0,1,Sherlock5,train_candidate,Sherlock5/derivatives/serialised/sub-0_ses-1_task-Sherlock5_run-1_proc-bads+headpos+sss+notch+bp+ds_meg.h5,Sherlock5/derivatives/events/sub-0_ses-1_task-Sherlock5_run-1_events.tsv,2361
0,2,Sherlock5,train_candidate,Sherlock5/derivatives/serialised/sub-0_ses-2_task-Sherlock5_run-1_proc-bads+headpos+sss+notch+bp+ds_meg.h5,Sherlock5/derivatives/events/sub-0_ses-2_task-Sherlock5_run-1_events.tsv,3899
0,3,Sherlock5,train_candidate,Sherlock5/derivatives/serialised/sub-0_ses-3_task-Sherlock5_run-1_proc-bads+headpos+sss+notch+bp+ds_meg.h5,Sherlock5/derivatives/events/sub-0_ses-3_task-Sherlock5_run-1_events.tsv,2934
0,4,Sherlock5,train_candidate,Sherlock5/derivatives/serialised/sub-0_ses-4_task-Sherlock5_run-1_proc-bads+headpos+sss+notch+bp+ds_meg.h5,Sherlock5/derivatives/events/sub-0_ses-4_task-Sherlock5_run-1_events.tsv,4120
0,5,Sherlock5,train_candidate,Sherlock5/derivatives/serialised/sub-0_ses-5_task-Sherlock5_run-1_proc-bads+headpos+sss+notch+bp+ds_meg.h5,Sherlock5/derivatives/events/sub-0_ses-5_task-Sherlock5_run-1_events.tsv,3460
0,6,Sherlock5,train_candidate,Sherlock5/derivatives/serialised/sub-0_ses-6_task-Sherlock5_run-1_proc-bads+headpos+sss+notch+bp+ds_meg.h5,Sherlock5/derivatives/events/sub-0_ses-6_task-Sherlock5_run-1_events.tsv,3538
0,7,Sherlock5,test,Sherlock5/derivatives/serialised/sub-0_ses-7_task-Sherlock5_run-1_proc-bads+headpos+sss+notch+bp+ds_meg.h5,Sherlock5/derivatives/events/sub-0_ses-7_task-Sherlock5_run-1_events.tsv,5019
0,8,Sherlock5,train_candidate,Sherlock5/derivatives/serialised/sub-0_ses-8_task-Sherlock5_run-1_proc-bads+headpos+sss+notch+bp+ds_meg.h5,Sherlock5/derivatives/events/sub-0_ses-8_task-Sherlock5_run-1_events.tsv,2805
0,9,Sherlock5,train_candidate,Sherlock5/derivatives/serialised/sub-0_ses-9_task-Sherlock5_run-1_proc-bads+headpos+sss+notch+bp+ds_meg.h5,Sherlock5/derivatives/events/sub-0_ses-9_task-Sherlock5_run-1_events.tsv,6700
0,10,Sherlock6,train_candidate,Sherlock6/derivatives/serialised/sub-0_ses-10_task-Sherlock6_run-1_proc-bads+headpos+sss+notch+bp+ds_meg.h5,Sherlock6/derivatives/events/sub-0_ses-10_task-Sherlock6_run-1_events.tsv,6524
0,11,Sherlock6,train_candidate,Sherlock6/derivatives/serialised/sub-0_ses-11_task-Sherlock6_run-1_proc-bads+headpos+sss+notch+bp+ds_meg.h5,Sherlock6/derivatives/events/sub-0_ses-11_task-Sherlock6_run-1_events.tsv,8982
0,12,Sherlock6,train_candidate,Sherlock6/derivatives/serialised/sub-0_ses-12_task-Sherlock6_run-1_proc-bads+headpos+sss+notch+bp+ds_meg.h5,Sherlock6/derivatives/events/sub-0_ses-12_task-Sherlock6_run-1_events.tsv,8029
0,13,Sherlock6,test,Sherlock6/derivatives/serialised/sub-0_ses-13_task-Sherlock6_run-1_proc-bads+headpos+sss+notch+bp+ds_meg.h5,Sherlock6/derivatives/events/sub-0_ses-13_task-Sherlock6_run-1_events.tsv,9207
0,14,Sherlock6,test,Sherlock6/derivatives/serialised/sub-0_ses-14_task-Sherlock6_run-1_proc-bads+headpos+sss+notch+bp+ds_meg.h5,Sherlock6/derivatives/events/sub-0_ses-14_task-Sherlock6_run-1_events.tsv,9746
0,1,Sherlock6,train_candidate,Sherlock6/derivatives/serialised/sub-0_ses-1_task-Sherlock6_run-1_proc-bads+headpos+sss+notch+bp+ds_meg.h5,Sherlock6/derivatives/events/sub-0_ses-1_task-Sherlock6_run-1_events.tsv,8810
0,2,Sherlock6,train_candidate,Sherlock6/derivatives/serialised/sub-0_ses-2_task-Sherlock6_run-1_proc-bads+headpos+sss+notch+bp+ds_meg.h5,Sherlock6/derivatives/events/sub-0_ses-2_task-Sherlock6_run-1_events.tsv,9315
0,3,Sherlock6,train_candidate,Sherlock6/derivatives/serialised/sub-0_ses-3_task-Sherlock6_run-1_proc-bads+headpos+sss+notch+bp+ds_meg.h5,Sherlock6/derivatives/events/sub-0_ses-3_task-Sherlock6_run-1_events.tsv,9734
0,4,Sherlock6,train_candidate,Sherlock6/derivatives/serialised/sub-0_ses-4_task-Sherlock6_run-1_proc-bads+headpos+sss+notch+bp+ds_meg.h5,Sherlock6/derivatives/events/sub-0_ses-4_task-Sherlock6_run-1_events.tsv,7925
0,5,Sherlock6,train_candidate,Sherlock6/derivatives/serialised/sub-0_ses-5_task-Sherlock6_run-1_proc-bads+headpos+sss+notch+bp+ds_meg.h5,Sherlock6/derivatives/events/sub-0_ses-5_task-Sherlock6_run-1_events.tsv,5912
0,6,Sherlock6,train_candidate,Sherlock6/derivatives/serialised/sub-0_ses-6_task-Sherlock6_run-1_proc-bads+headpos+sss+notch+bp+ds_meg.h5,Sherlock6/derivatives/events/sub-0_ses-6_task-Sherlock6_run-1_events.tsv,5677
0,7,Sherlock6,test,Sherlock6/derivatives/serialised/sub-0_ses-7_task-Sherlock6_run-1_proc-bads+headpos+sss+notch+bp+ds_meg.h5,Sherlock6/derivatives/events/sub-0_ses-7_task-Sherlock6_run-1_events.tsv,8220
0,8,Sherlock6,train_candidate,Sherlock6/derivatives/serialised/sub-0_ses-8_task-Sherlock6_run-1_proc-bads+headpos+sss+notch+bp+ds_meg.h5,Sherlock6/derivatives/events/sub-0_ses-8_task-Sherlock6_run-1_events.tsv,6780
0,9,Sherlock6,train_candidate,Sherlock6/derivatives/serialised/sub-0_ses-9_task-Sherlock6_run-1_proc-bads+headpos+sss+notch+bp+ds_meg.h5,Sherlock6/derivatives/events/sub-0_ses-9_task-Sherlock6_run-1_events.tsv,8415
0,10,Sherlock7,train_candidate,Sherlock7/derivatives/serialised/sub-0_ses-10_task-Sherlock7_run-1_proc-bads+headpos+sss+notch+bp+ds_meg.h5,Sherlock7/derivatives/events/sub-0_ses-10_task-Sherlock7_run-1_events.tsv,5612
0,11,Sherlock7,train_candidate,Sherlock7/derivatives/serialised/sub-0_ses-11_task-Sherlock7_run-1_proc-bads+headpos+sss+notch+bp+ds_meg.h5,Sherlock7/derivatives/events/sub-0_ses-11_task-Sherlock7_run-1_events.tsv,3728
0,12,Sherlock7,train_candidate,Sherlock7/derivatives/serialised/sub-0_ses-12_task-Sherlock7_run-1_proc-bads+headpos+sss+notch+bp+ds_meg.h5,Sherlock7/derivatives/events/sub-0_ses-12_task-Sherlock7_run-1_events.tsv,4758
0,13,Sherlock7,test,Sherlock7/derivatives/serialised/sub-0_ses-13_task-Sherlock7_run-1_proc-bads+headpos+sss+notch+bp+ds_meg.h5,Sherlock7/derivatives/events/sub-0_ses-13_task-Sherlock7_run-1_events.tsv,3477
0,14,Sherlock7,test,Sherlock7/derivatives/serialised/sub-0_ses-14_task-Sherlock7_run-1_proc-bads+headpos+sss+notch+bp+ds_meg.h5,Sherlock7/derivatives/events/sub-0_ses-14_task-Sherlock7_run-1_events.tsv,4487
0,1,Sherlock7,train_candidate,Sherlock7/derivatives/serialised/sub-0_ses-1_task-Sherlock7_run-1_proc-bads+headpos+sss+notch+bp+ds_meg.h5,Sherlock7/derivatives/events/sub-0_ses-1_task-Sherlock7_run-1_events.tsv,3067
0,2,Sherlock7,train_candidate,Sherlock7/derivatives/serialised/sub-0_ses-2_task-Sherlock7_run-1_proc-bads+headpos+sss+notch+bp+ds_meg.h5,Sherlock7/derivatives/events/sub-0_ses-2_task-Sherlock7_run-1_events.tsv,2745
0,3,Sherlock7,train_candidate,Sherlock7/derivatives/serialised/sub-0_ses-3_task-Sherlock7_run-1_proc-bads+headpos+sss+notch+bp+ds_meg.h5,Sherlock7/derivatives/events/sub-0_ses-3_task-Sherlock7_run-1_events.tsv,3403
0,4,Sherlock7,train_candidate,Sherlock7/derivatives/serialised/sub-0_ses-4_task-Sherlock7_run-1_proc-bads+headpos+sss+notch+bp+ds_meg.h5,Sherlock7/derivatives/events/sub-0_ses-4_task-Sherlock7_run-1_events.tsv,3844
0,5,Sherlock7,train_candidate,Sherlock7/derivatives/serialised/sub-0_ses-5_task-Sherlock7_run-1_proc-bads+headpos+sss+notch+bp+ds_meg.h5,Sherlock7/derivatives/events/sub-0_ses-5_task-Sherlock7_run-1_events.tsv,4118
0,6,Sherlock7,train_candidate,Sherlock7/derivatives/serialised/sub-0_ses-6_task-Sherlock7_run-1_proc-bads+headpos+sss+notch+bp+ds_meg.h5,Sherlock7/derivatives/events/sub-0_ses-6_task-Sherlock7_run-1_events.tsv,4660
0,7,Sherlock7,test,Sherlock7/derivatives/serialised/sub-0_ses-7_task-Sherlock7_run-1_proc-bads+headpos+sss+notch+bp+ds_meg.h5,Sherlock7/derivatives/events/sub-0_ses-7_task-Sherlock7_run-1_events.tsv,5935
0,8,Sherlock7,train_candidate,Sherlock7/derivatives/serialised/sub-0_ses-8_task-Sherlock7_run-1_proc-bads+headpos+sss+notch+bp+ds_meg.h5,Sherlock7/derivatives/events/sub-0_ses-8_task-Sherlock7_run-1_events.tsv,3067
0,9,Sherlock7,train_candidate,Sherlock7/derivatives/serialised/sub-0_ses-9_task-Sherlock7_run-1_proc-bads+headpos+sss+notch+bp+ds_meg.h5,Sherlock7/derivatives/events/sub-0_ses-9_task-Sherlock7_run-1_events.tsv,5513
0,10,Sherlock8,train_candidate,Sherlock8/derivatives/serialised/sub-0_ses-10_task-Sherlock8_run-1_proc-bads+headpos+sss+notch+bp+ds_meg.h5,Sherlock8/derivatives/events/sub-0_ses-10_task-Sherlock8_run-1_events.tsv,6172
0,1,Sherlock8,train_candidate,Sherlock8/derivatives/serialised/sub-0_ses-1_task-Sherlock8_run-1_proc-bads+headpos+sss+notch+bp+ds_meg.h5,Sherlock8/derivatives/events/sub-0_ses-1_task-Sherlock8_run-1_events.tsv,4831
0,2,Sherlock8,train_candidate,Sherlock8/derivatives/serialised/sub-0_ses-2_task-Sherlock8_run-1_proc-bads+headpos+sss+notch+bp+ds_meg.h5,Sherlock8/derivatives/events/sub-0_ses-2_task-Sherlock8_run-1_events.tsv,6741
0,3,Sherlock8,train_candidate,Sherlock8/derivatives/serialised/sub-0_ses-3_task-Sherlock8_run-1_proc-bads+headpos+sss+notch+bp+ds_meg.h5,Sherlock8/derivatives/events/sub-0_ses-3_task-Sherlock8_run-1_events.tsv,8551
0,4,Sherlock8,train_candidate,Sherlock8/derivatives/serialised/sub-0_ses-4_task-Sherlock8_run-1_proc-bads+headpos+sss+notch+bp+ds_meg.h5,Sherlock8/derivatives/events/sub-0_ses-4_task-Sherlock8_run-1_events.tsv,3971
0,5,Sherlock8,train_candidate,Sherlock8/derivatives/serialised/sub-0_ses-5_task-Sherlock8_run-1_proc-bads+headpos+sss+notch+bp+ds_meg.h5,Sherlock8/derivatives/events/sub-0_ses-5_task-Sherlock8_run-1_events.tsv,3468
0,6,Sherlock8,train_candidate,Sherlock8/derivatives/serialised/sub-0_ses-6_task-Sherlock8_run-1_proc-bads+headpos+sss+notch+bp+ds_meg.h5,Sherlock8/derivatives/events/sub-0_ses-6_task-Sherlock8_run-1_events.tsv,10794
0,7,Sherlock8,test,Sherlock8/derivatives/serialised/sub-0_ses-7_task-Sherlock8_run-1_proc-bads+headpos+sss+notch+bp+ds_meg.h5,Sherlock8/derivatives/events/sub-0_ses-7_task-Sherlock8_run-1_events.tsv,5860
0,8,Sherlock8,train_candidate,Sherlock8/derivatives/serialised/sub-0_ses-8_task-Sherlock8_run-1_proc-bads+headpos+sss+notch+bp+ds_meg.h5,Sherlock8/derivatives/events/sub-0_ses-8_task-Sherlock8_run-1_events.tsv,7767
0,9,Sherlock8,train_candidate,Sherlock8/derivatives/serialised/sub-0_ses-9_task-Sherlock8_run-1_proc-bads+headpos+sss+notch+bp+ds_meg.h5,Sherlock8/derivatives/events/sub-0_ses-9_task-Sherlock8_run-1_events.tsv,10090
0,0,Sherlock9,test,Sherlock9/derivatives/serialised/sub-0_ses-0_task-Sherlock9_run-1_proc-bads+headpos+sss+notch+bp+ds_meg.h5,Sherlock9/derivatives/events/sub-0_ses-0_task-Sherlock9_run-1_events.tsv,675
0,10,Sherlock9,train_candidate,Sherlock9/derivatives/serialised/sub-0_ses-10_task-Sherlock9_run-1_proc-bads+headpos+sss+notch+bp+ds_meg.h5,Sherlock9/derivatives/events/sub-0_ses-10_task-Sherlock9_run-1_events.tsv,4535
0,11,Sherlock9,train_candidate,Sherlock9/derivatives/serialised/sub-0_ses-11_task-Sherlock9_run-1_proc-bads+headpos+sss+notch+bp+ds_meg.h5,Sherlock9/derivatives/events/sub-0_ses-11_task-Sherlock9_run-1_events.tsv,6323
0,12,Sherlock9,train_candidate,Sherlock9/derivatives/serialised/sub-0_ses-12_task-Sherlock9_run-1_proc-bads+headpos+sss+notch+bp+ds_meg.h5,Sherlock9/derivatives/events/sub-0_ses-12_task-Sherlock9_run-1_events.tsv,5603
0,1,Sherlock9,train_candidate,Sherlock9/derivatives/serialised/sub-0_ses-1_task-Sherlock9_run-1_proc-bads+headpos+sss+notch+bp+ds_meg.h5,Sherlock9/derivatives/events/sub-0_ses-1_task-Sherlock9_run-1_events.tsv,9871
0,2,Sherlock9,train_candidate,Sherlock9/derivatives/serialised/sub-0_ses-2_task-Sherlock9_run-1_proc-bads+headpos+sss+notch+bp+ds_meg.h5,Sherlock9/derivatives/events/sub-0_ses-2_task-Sherlock9_run-1_events.tsv,7797
0,3,Sherlock9,train_candidate,Sherlock9/derivatives/serialised/sub-0_ses-3_task-Sherlock9_run-1_proc-bads+headpos+sss+notch+bp+ds_meg.h5,Sherlock9/derivatives/events/sub-0_ses-3_task-Sherlock9_run-1_events.tsv,5739
0,4,Sherlock9,train_candidate,Sherlock9/derivatives/serialised/sub-0_ses-4_task-Sherlock9_run-1_proc-bads+headpos+sss+notch+bp+ds_meg.h5,Sherlock9/derivatives/events/sub-0_ses-4_task-Sherlock9_run-1_events.tsv,6118
0,5,Sherlock9,train_candidate,Sherlock9/derivatives/serialised/sub-0_ses-5_task-Sherlock9_run-1_proc-bads+headpos+sss+notch+bp+ds_meg.h5,Sherlock9/derivatives/events/sub-0_ses-5_task-Sherlock9_run-1_events.tsv,6022
0,6,Sherlock9,train_candidate,Sherlock9/derivatives/serialised/sub-0_ses-6_task-Sherlock9_run-1_proc-bads+headpos+sss+notch+bp+ds_meg.h5,Sherlock9/derivatives/events/sub-0_ses-6_task-Sherlock9_run-1_events.tsv,6268
0,7,Sherlock9,test,Sherlock9/derivatives/serialised/sub-0_ses-7_task-Sherlock9_run-1_proc-bads+headpos+sss+notch+bp+ds_meg.h5,Sherlock9/derivatives/events/sub-0_ses-7_task-Sherlock9_run-1_events.tsv,9692
0,8,Sherlock9,train_candidate,Sherlock9/derivatives/serialised/sub-0_ses-8_task-Sherlock9_run-1_proc-bads+headpos+sss+notch+bp+ds_meg.h5,Sherlock9/derivatives/events/sub-0_ses-8_task-Sherlock9_run-1_events.tsv,7758
0,9,Sherlock9,train_candidate,Sherlock9/derivatives/serialised/sub-0_ses-9_task-Sherlock9_run-1_proc-bads+headpos+sss+notch+bp+ds_meg.h5,Sherlock9/derivatives/events/sub-0_ses-9_task-Sherlock9_run-1_events.tsv,7274
0,10,TIMIT,train_candidate,TIMIT/derivatives/serialised/sub-0_ses-10_task-TIMIT_run-1_proc-bads+headpos+sss+notch+bp+ds_meg.h5,TIMIT/derivatives/events/sub-0_ses-10_task-TIMIT_run-1_events.tsv,3850
0,11,TIMIT,train_candidate,TIMIT/derivatives/serialised/sub-0_ses-11_task-TIMIT_run-1_proc-bads+headpos+sss+notch+bp+ds_meg.h5,TIMIT/derivatives/events/sub-0_ses-11_task-TIMIT_run-1_events.tsv,3911
0,12,TIMIT,train_candidate,TIMIT/derivatives/serialised/sub-0_ses-12_task-TIMIT_run-1_proc-bads+headpos+sss+notch+bp+ds_meg.h5,TIMIT/derivatives/events/sub-0_ses-12_task-TIMIT_run-1_events.tsv,3834
0,13,TIMIT,test,TIMIT/derivatives/serialised/sub-0_ses-13_task-TIMIT_run-1_proc-bads+headpos+sss+notch+bp+ds_meg.h5,TIMIT/derivatives/events/sub-0_ses-13_task-TIMIT_run-1_events.tsv,3927
0,14,TIMIT,test,TIMIT/derivatives/serialised/sub-0_ses-14_task-TIMIT_run-1_proc-bads+headpos+sss+notch+bp+ds_meg.h5,TIMIT/derivatives/events/sub-0_ses-14_task-TIMIT_run-1_events.tsv,3893
0,1,TIMIT,train_candidate,TIMIT/derivatives/serialised/sub-0_ses-1_task-TIMIT_run-1_proc-bads+headpos+sss+notch+bp+ds_meg.h5,TIMIT/derivatives/events/sub-0_ses-1_task-TIMIT_run-1_events.tsv,3858
0,2,TIMIT,train_candidate,TIMIT/derivatives/serialised/sub-0_ses-2_task-TIMIT_run-1_proc-bads+headpos+sss+notch+bp+ds_meg.h5,TIMIT/derivatives/events/sub-0_ses-2_task-TIMIT_run-1_events.tsv,3881
0,3,TIMIT,train_candidate,TIMIT/derivatives/serialised/sub-0_ses-3_task-TIMIT_run-1_proc-bads+headpos+sss+notch+bp+ds_meg.h5,TIMIT/derivatives/events/sub-0_ses-3_task-TIMIT_run-1_events.tsv,3917
0,4,TIMIT,train_candidate,TIMIT/derivatives/serialised/sub-0_ses-4_task-TIMIT_run-1_proc-bads+headpos+sss+notch+bp+ds_meg.h5,TIMIT/derivatives/events/sub-0_ses-4_task-TIMIT_run-1_events.tsv,3915
0,5,TIMIT,train_candidate,TIMIT/derivatives/serialised/sub-0_ses-5_task-TIMIT_run-1_proc-bads+headpos+sss+notch+bp+ds_meg.h5,TIMIT/derivatives/events/sub-0_ses-5_task-TIMIT_run-1_events.tsv,3914
0,6,TIMIT,train_candidate,TIMIT/derivatives/serialised/sub-0_ses-6_task-TIMIT_run-1_proc-bads+headpos+sss+notch+bp+ds_meg.h5,TIMIT/derivatives/events/sub-0_ses-6_task-TIMIT_run-1_events.tsv,3871
0,7,TIMIT,test,TIMIT/derivatives/serialised/sub-0_ses-7_task-TIMIT_run-1_proc-bads+headpos+sss+notch+bp+ds_meg.h5,TIMIT/derivatives/events/sub-0_ses-7_task-TIMIT_run-1_events.tsv,3874
0,8,TIMIT,train_candidate,TIMIT/derivatives/serialised/sub-0_ses-8_task-TIMIT_run-1_proc-bads+headpos+sss+notch+bp+ds_meg.h5,TIMIT/derivatives/events/sub-0_ses-8_task-TIMIT_run-1_events.tsv,3875
0,9,TIMIT,train_candidate,TIMIT/derivatives/serialised/sub-0_ses-9_task-TIMIT_run-1_proc-bads+headpos+sss+notch+bp+ds_meg.h5,TIMIT/derivatives/events/sub-0_ses-9_task-TIMIT_run-1_events.tsv,3866
0,10,TheMoth,train_candidate,TheMoth/derivatives/serialised/sub-0_ses-10_task-TheMoth_run-1_proc-bads+headpos+sss+notch+bp+ds_meg.h5,TheMoth/derivatives/events/sub-0_ses-10_task-TheMoth_run-1_events.tsv,1388
0,11,TheMoth,train_candidate,TheMoth/derivatives/serialised/sub-0_ses-11_task-TheMoth_run-1_proc-bads+headpos+sss+notch+bp+ds_meg.h5,TheMoth/derivatives/events/sub-0_ses-11_task-TheMoth_run-1_events.tsv,1795
0,12,TheMoth,train_candidate,TheMoth/derivatives/serialised/sub-0_ses-12_task-TheMoth_run-1_proc-bads+headpos+sss+notch+bp+ds_meg.h5,TheMoth/derivatives/events/sub-0_ses-12_task-TheMoth_run-1_events.tsv,1853
0,13,TheMoth,test,TheMoth/derivatives/serialised/sub-0_ses-13_task-TheMoth_run-1_proc-bads+headpos+sss+notch+bp+ds_meg.h5,TheMoth/derivatives/events/sub-0_ses-13_task-TheMoth_run-1_events.tsv,2186
0,14,TheMoth,test,TheMoth/derivatives/serialised/sub-0_ses-14_task-TheMoth_run-1_proc-bads+headpos+sss+notch+bp+ds_meg.h5,TheMoth/derivatives/events/sub-0_ses-14_task-TheMoth_run-1_events.tsv,1932
0,15,TheMoth,test,TheMoth/derivatives/serialised/sub-0_ses-15_task-TheMoth_run-1_proc-bads+headpos+sss+notch+bp+ds_meg.h5,TheMoth/derivatives/events/sub-0_ses-15_task-TheMoth_run-1_events.tsv,2049
0,16,TheMoth,test,TheMoth/derivatives/serialised/sub-0_ses-16_task-TheMoth_run-1_proc-bads+headpos+sss+notch+bp+ds_meg.h5,TheMoth/derivatives/events/sub-0_ses-16_task-TheMoth_run-1_events.tsv,1914
0,17,TheMoth,train_candidate,TheMoth/derivatives/serialised/sub-0_ses-17_task-TheMoth_run-1_proc-bads+headpos+sss+notch+bp+ds_meg.h5,TheMoth/derivatives/events/sub-0_ses-17_task-TheMoth_run-1_events.tsv,2421
0,18,TheMoth,test,TheMoth/derivatives/serialised/sub-0_ses-18_task-TheMoth_run-1_proc-bads+headpos+sss+notch+bp+ds_meg.h5,TheMoth/derivatives/events/sub-0_ses-18_task-TheMoth_run-1_events.tsv,1576
0,19,TheMoth,train_candidate,TheMoth/derivatives/serialised/sub-0_ses-19_task-TheMoth_run-1_proc-bads+headpos+sss+notch+bp+ds_meg.h5,TheMoth/derivatives/events/sub-0_ses-19_task-TheMoth_run-1_events.tsv,1586
0,1,TheMoth,train_candidate,TheMoth/derivatives/serialised/sub-0_ses-1_task-TheMoth_run-1_proc-bads+headpos+sss+notch+bp+ds_meg.h5,TheMoth/derivatives/events/sub-0_ses-1_task-TheMoth_run-1_events.tsv,2145
0,20,TheMoth,test,TheMoth/derivatives/serialised/sub-0_ses-20_task-TheMoth_run-1_proc-bads+headpos+sss+notch+bp+ds_meg.h5,TheMoth/derivatives/events/sub-0_ses-20_task-TheMoth_run-1_events.tsv,2357
0,21,TheMoth,test,TheMoth/derivatives/serialised/sub-0_ses-21_task-TheMoth_run-1_proc-bads+headpos+sss+notch+bp+ds_meg.h5,TheMoth/derivatives/events/sub-0_ses-21_task-TheMoth_run-1_events.tsv,2271
0,22,TheMoth,test,TheMoth/derivatives/serialised/sub-0_ses-22_task-TheMoth_run-1_proc-bads+headpos+sss+notch+bp+ds_meg.h5,TheMoth/derivatives/events/sub-0_ses-22_task-TheMoth_run-1_events.tsv,1968
0,23,TheMoth,train_candidate,TheMoth/derivatives/serialised/sub-0_ses-23_task-TheMoth_run-1_proc-bads+headpos+sss+notch+bp+ds_meg.h5,TheMoth/derivatives/events/sub-0_ses-23_task-TheMoth_run-1_events.tsv,2210
0,24,TheMoth,train_candidate,TheMoth/derivatives/serialised/sub-0_ses-24_task-TheMoth_run-1_proc-bads+headpos+sss+notch+bp+ds_meg.h5,TheMoth/derivatives/events/sub-0_ses-24_task-TheMoth_run-1_events.tsv,1963
0,25,TheMoth,train_candidate,TheMoth/derivatives/serialised/sub-0_ses-25_task-TheMoth_run-1_proc-bads+headpos+sss+notch+bp+ds_meg.h5,TheMoth/derivatives/events/sub-0_ses-25_task-TheMoth_run-1_events.tsv,3223
0,26,TheMoth,train_candidate,TheMoth/derivatives/serialised/sub-0_ses-26_task-TheMoth_run-1_proc-bads+headpos+sss+notch+bp+ds_meg.h5,TheMoth/derivatives/events/sub-0_ses-26_task-TheMoth_run-1_events.tsv,2124
0,27,TheMoth,train_candidate,TheMoth/derivatives/serialised/sub-0_ses-27_task-TheMoth_run-1_proc-bads+headpos+sss+notch+bp+ds_meg.h5,TheMoth/derivatives/events/sub-0_ses-27_task-TheMoth_run-1_events.tsv,1200
0,28,TheMoth,train_candidate,TheMoth/derivatives/serialised/sub-0_ses-28_task-TheMoth_run-1_proc-bads+headpos+sss+notch+bp+ds_meg.h5,TheMoth/derivatives/events/sub-0_ses-28_task-TheMoth_run-1_events.tsv,2044
0,29,TheMoth,test,TheMoth/derivatives/serialised/sub-0_ses-29_task-TheMoth_run-1_proc-bads+headpos+sss+notch+bp+ds_meg.h5,TheMoth/derivatives/events/sub-0_ses-29_task-TheMoth_run-1_events.tsv,2709
0,2,TheMoth,train_candidate,TheMoth/derivatives/serialised/sub-0_ses-2_task-TheMoth_run-1_proc-bads+headpos+sss+notch+bp+ds_meg.h5,TheMoth/derivatives/events/sub-0_ses-2_task-TheMoth_run-1_events.tsv,3067
0,30,TheMoth,test,TheMoth/derivatives/serialised/sub-0_ses-30_task-TheMoth_run-1_proc-bads+headpos+sss+notch+bp+ds_meg.h5,TheMoth/derivatives/events/sub-0_ses-30_task-TheMoth_run-1_events.tsv,1812
0,3,TheMoth,train_candidate,TheMoth/derivatives/serialised/sub-0_ses-3_task-TheMoth_run-1_proc-bads+headpos+sss+notch+bp+ds_meg.h5,TheMoth/derivatives/events/sub-0_ses-3_task-TheMoth_run-1_events.tsv,1679
0,4,TheMoth,train_candidate,TheMoth/derivatives/serialised/sub-0_ses-4_task-TheMoth_run-1_proc-bads+headpos+sss+notch+bp+ds_meg.h5,TheMoth/derivatives/events/sub-0_ses-4_task-TheMoth_run-1_events.tsv,1626
0,5,TheMoth,train_candidate,TheMoth/derivatives/serialised/sub-0_ses-5_task-TheMoth_run-1_proc-bads+headpos+sss+notch+bp+ds_meg.h5,TheMoth/derivatives/events/sub-0_ses-5_task-TheMoth_run-1_events.tsv,1744
0,6,TheMoth,train_candidate,TheMoth/derivatives/serialised/sub-0_ses-6_task-TheMoth_run-1_proc-bads+headpos+sss+notch+bp+ds_meg.h5,TheMoth/derivatives/events/sub-0_ses-6_task-TheMoth_run-1_events.tsv,2052
0,7,TheMoth,test,TheMoth/derivatives/serialised/sub-0_ses-7_task-TheMoth_run-1_proc-bads+headpos+sss+notch+bp+ds_meg.h5,TheMoth/derivatives/events/sub-0_ses-7_task-TheMoth_run-1_events.tsv,3454
0,8,TheMoth,train_candidate,TheMoth/derivatives/serialised/sub-0_ses-8_task-TheMoth_run-1_proc-bads+headpos+sss+notch+bp+ds_meg.h5,TheMoth/derivatives/events/sub-0_ses-8_task-TheMoth_run-1_events.tsv,1426
0,9,TheMoth,train_candidate,TheMoth/derivatives/serialised/sub-0_ses-9_task-TheMoth_run-1_proc-bads+headpos+sss+notch+bp+ds_meg.h5,TheMoth/derivatives/events/sub-0_ses-9_task-TheMoth_run-1_events.tsv,2033
